0,1
Thomas Servotte,Chessly
Thomas Servotte,Kamil Plichta
Thomas Servotte,Alexandra Botez
Thomas Servotte,Strong Chess
Thomas Servotte,Hans Niemann
Thomas Servotte,Leonid Kholkine
Thomas Servotte,Unsubstantiated Chess Rumors
Thomas Servotte,WeRateDogs¬Æ
Thomas Servotte,Jay_Vine
Thomas Servotte,Milan Augustijns
Thomas Servotte,Massimo
Thomas Servotte,Stromae
Thomas Servotte,Le Tour de France Femmes avec Zwift
Thomas Servotte,Marijn de Vries
Thomas Servotte,Cycling Images That Preceded Unforeseen Events
Thomas Servotte,Teimour Radjabov
Thomas Servotte,FIBA3x3
Thomas Servotte,Golden State Warriors
Thomas Servotte,NBA
Thomas Servotte,Weird Dall-E Mini Generations
Chessly,The New York Times
Kamil Plichta,Rok Novak
Kamil Plichta,Praggnanandhaa
Kamil Plichta,Radek Wojtaszek
Kamil Plichta,Nils Grandelius
Kamil Plichta,Chicken Chess Club
Kamil Plichta,GrossLogos
Kamil Plichta,Pawnalyze
Kamil Plichta,Kirill Shevchenko
Kamil Plichta,Askild Bryn
Kamil Plichta,Garry Kasparov
Kamil Plichta,Vincent Keymer
Kamil Plichta,Lara Mateo
Kamil Plichta,Steffen Slumstrup Nielsen
Kamil Plichta,Kacper Piorun
Kamil Plichta,Avetik GM Grigoryan
Kamil Plichta,Chess by the Numbers
Kamil Plichta,Alex Mista
Kamil Plichta,Eric Rosen
Kamil Plichta,Vidit Gujrathi
Kamil Plichta,Jorden van Foreest
Alexandra Botez,The Last Contrarian
Alexandra Botez,nathan fielder
Alexandra Botez,OpTic Scump
Alexandra Botez,OpTic Gaming‚Ñ¢
Alexandra Botez,_Check…±ate üîë‚ö°ü¶¨üåã‚ò¢Ô∏èüõ¢Ô∏è
Alexandra Botez,AverageJonas
Alexandra Botez,Derek Muller
Alexandra Botez,Ulavi
Alexandra Botez,MagnusBarstad
Alexandra Botez,100T Vinnie
Alexandra Botez,Draymond Green
Alexandra Botez,marshmello
Alexandra Botez,Leena Xu
Alexandra Botez,Blockworks
Alexandra Botez,Nectar Gan
Alexandra Botez,Ian Hecox
Alexandra Botez,GCR
Alexandra Botez,jason@calacanis.com
Alexandra Botez,david friedberg
Alexandra Botez,David Sacks
Strong Chess,Mike Klein
Strong Chess,Victor C Salas
Strong Chess,Mosquito County Chess
Strong Chess,Mayuri Singh
Strong Chess,Moustafa Ahmed
Strong Chess,shams
Strong Chess,Opetoritse Adefolalu
Strong Chess,space amy
Strong Chess,CMtoGMinmyforties
Strong Chess,InamiableProle
Strong Chess,Thorsten Cmiel
Strong Chess,Jameson Tang
Strong Chess,Dimenticator
Strong Chess,thedeadlights
Strong Chess,Richard Jagdishwar Millett
Strong Chess,Dylan Rittman
Strong Chess,Nikos Ntirlis
Strong Chess,Joe Orawczyk
Strong Chess,Maurits van der Meer
Strong Chess,"Dan, Data-Driven Chess Improver"
Hans Niemann,Douglas
Hans Niemann,Lex Fridman
Hans Niemann,Gurbaksh Singh Chahal
Hans Niemann,soviet soldiers dancing
Hans Niemann,Arab
Hans Niemann,Dave Portnoy
Hans Niemann,FischerKing
Hans Niemann,Verity
Hans Niemann,Chloe Bennet
Hans Niemann,John Kracum
Hans Niemann,Nino Batsiashvili
Hans Niemann,Mateusz Najbar
Hans Niemann,Olimpiu Di Luppi
Hans Niemann,Prague Chess Festival
Hans Niemann,Pontus Carlsson
Hans Niemann,Steve
Hans Niemann,Yiliang Peng
Hans Niemann,lula
Hans Niemann,Abhijeet Gupta
Hans Niemann,Jamie Kerstetter
Leonid Kholkine,Pol√≠cia Judici√°ria
Leonid Kholkine,Freek Van de Casteele
Leonid Kholkine,Matthias Kempe
Leonid Kholkine,Jaime Sampaio
Leonid Kholkine,Louis Passfield
Leonid Kholkine,Greg Everett
Leonid Kholkine,Arne Jaspers
Leonid Kholkine,Lore Simons
Leonid Kholkine,Thomas Servotte
Leonid Kholkine,NOC*NSF
Leonid Kholkine,Bernadet van Os
Leonid Kholkine,Belgian Red Lions
Leonid Kholkine,emily calderon
Leonid Kholkine,hadisotudeh
Leonid Kholkine,Jules Talloen
Leonid Kholkine,Jelle De Bock
Leonid Kholkine,Maarten Slembrouck
Leonid Kholkine,Steven Verstockt
Leonid Kholkine,Stijn Corten
Leonid Kholkine,Jan Van Haaren
Unsubstantiated Chess Rumors,Sokolov Ivan
Unsubstantiated Chess Rumors,Mike Klein
Unsubstantiated Chess Rumors,Daniel Rensch
Unsubstantiated Chess Rumors,Theo Wait
Unsubstantiated Chess Rumors,Peter Svidler
Unsubstantiated Chess Rumors,Grand Chess Tour
Unsubstantiated Chess Rumors,Alex Colovic
Unsubstantiated Chess Rumors,Emilchess
Unsubstantiated Chess Rumors,Martin B. Justesen
Unsubstantiated Chess Rumors,Disguisedpollo
Unsubstantiated Chess Rumors,Kurt Vonnethought
Unsubstantiated Chess Rumors,Christof Sielecki
Unsubstantiated Chess Rumors,Isa Vulpes
Unsubstantiated Chess Rumors,Ajoy
Unsubstantiated Chess Rumors,Ankith Havaldar
Unsubstantiated Chess Rumors,NoJoke
Unsubstantiated Chess Rumors,chessentials
Unsubstantiated Chess Rumors,"Wait, this is bad!"
Unsubstantiated Chess Rumors,S E K Y I ‚òÜ
Unsubstantiated Chess Rumors,Chessnews.info
WeRateDogs¬Æ,American Greetings
WeRateDogs¬Æ,15/10 Foundation
WeRateDogs¬Æ,LCC K-9 Comfort Dogs
WeRateDogs¬Æ,Not One More Vet
WeRateDogs¬Æ,Pets & People Foundation
WeRateDogs¬Æ,JustFoodForDogs‚Ñ¢
WeRateDogs¬Æ,Trupanion
WeRateDogs¬Æ,Netflix
WeRateDogs¬Æ,Twitter
WeRateDogs¬Æ,ESPN
WeRateDogs¬Æ,Disney+
WeRateDogs¬Æ,Chronicle Books
WeRateDogs¬Æ,I've Pet That Dog
WeRateDogs¬Æ,The V Foundation
WeRateDogs¬Æ,Brian Canterbury
WeRateDogs¬Æ,Clint Hess
WeRateDogs¬Æ,Andrews McMeel
WeRateDogs¬Æ,Skyhorse Publishing
WeRateDogs¬Æ,Thoughts of Dog¬Æ
WeRateDogs¬Æ,Tyler Macke
Jay_Vine,La Vuelta
Jay_Vine,Tadej Pogaƒçar
Jay_Vine,Cooper Sayers
Jay_Vine,Team Bahrain Victorious
Jay_Vine,BORA ‚Äì hansgrohe
Jay_Vine,INEOS Grenadiers
Jay_Vine,MaschBasch
Jay_Vine,Silverstone Sports Engineering Hub
Jay_Vine,Eric Min
Jay_Vine,Michel cornelisse
Jay_Vine,Tim Merlier
Jay_Vine,Gianni Vermeersch
Jay_Vine,Marcel Meisen
Jay_Vine,Edward Planckaert
Jay_Vine,Tobias Bayer
Jay_Vine,Gianni Meersman
Jay_Vine,Alex Dowsett
Jay_Vine,Jack Haig
Jay_Vine,Pavel Sivakov
Jay_Vine,Chloe Hosking
Milan Augustijns,Elian Coussement
Milan Augustijns,MauraDeTroyer
Milan Augustijns,Mario Gonz√°lez Guti√©rrez
Milan Augustijns,Simon De Coster
Milan Augustijns,gery follens
Milan Augustijns,Willem Held
Milan Augustijns,Zacharias Vailakis
Milan Augustijns,Penelope Gkioni
Milan Augustijns,Christophe Roosen
Milan Augustijns,Tim Matthys
Milan Augustijns,I L A
Milan Augustijns,Wim Conings
Milan Augustijns,Sven Van Londersele
Milan Augustijns,Bob Faesen
Milan Augustijns,Remy Amkreutz
Milan Augustijns,Kjell Doms
Milan Augustijns,Ine Mylle
Milan Augustijns,Amir Bachrouri
Milan Augustijns,Mathieu Goedefroy
Milan Augustijns,Jonas Withouck
Massimo,Randy Orton
Massimo,Daniel Newman
Massimo,Tim Peake
Massimo,Jeff Bezos
Massimo,Ben Silbermann
Massimo,Patricia Janiot
Massimo,Don Winslow
Massimo,Janez Jan≈°a
Massimo,Simon Singh
Massimo,Mia Farrowüá∫üá¶
Massimo,Daryl Hannah
Massimo,Fake History Hunter
Massimo,Talulah Riley
Massimo,science and art
Massimo,Erin Burnett
Massimo,Benjamin Wittes
Massimo,Nat Friedman
Massimo,Silvia
Massimo,Long Now Foundation
Massimo,Rex Chapmanüèáüèº
Stromae,camila
Stromae,Coachella
Stromae,Balenciaga
Stromae,jonathan cohen
Stromae,√örsula Corber√≥
Stromae,Coldplay
Stromae,Adele
Stromae,gucci
Stromae,CHANEL
Stromae,Herm√®s
Stromae,Davido
Stromae,diplo
Stromae,Mister V
Stromae,The Chosen One
Stromae,Omar Sy
Stromae,Playdead
Stromae,Ang√®le Ang√®le
Stromae,OrelSan
Stromae,samsmith
Stromae,SANGO
Le Tour de France Femmes avec Zwift,Nicolas Geay
Le Tour de France Femmes avec Zwift,Marion H√©rault-Garnier
Le Tour de France Femmes avec Zwift,Mathieu Van der Poel
Le Tour de France Femmes avec Zwift,France T√©l√©visions
Le Tour de France Femmes avec Zwift,Gracie Elvin OLY
Le Tour de France Femmes avec Zwift,Tadej Pogaƒçar
Le Tour de France Femmes avec Zwift,Caroline Cayeux
Le Tour de France Femmes avec Zwift,Brigitte Klinkert
Le Tour de France Femmes avec Zwift,France3ServicePresse
Le Tour de France Femmes avec Zwift,VeloNews
Le Tour de France Femmes avec Zwift,SBS Sport
Le Tour de France Femmes avec Zwift,Elles bougent
Le Tour de France Femmes avec Zwift,FirstCycling.com
Le Tour de France Femmes avec Zwift,Grangier
Le Tour de France Femmes avec Zwift,√âlisabeth BORNE
Le Tour de France Femmes avec Zwift,M√©dia Pitchounes
Le Tour de France Femmes avec Zwift,La FNSEA
Le Tour de France Femmes avec Zwift,Emily Joy Newsom
Le Tour de France Femmes avec Zwift,Arctic Race of Norway
Le Tour de France Femmes avec Zwift,Jean ROTTNER
Marijn de Vries,liesbeth staats
Marijn de Vries,hubauer-shop.de
Marijn de Vries,Jan Suykens
Marijn de Vries,FransMaassen
Marijn de Vries,Kristen Faulkner
Marijn de Vries,Gudule Martens
Marijn de Vries,Yoeri Albrecht
Marijn de Vries,Maarten Neuteboom
Marijn de Vries,Jens Dekker
Marijn de Vries,Jeroen Maris
Marijn de Vries,Mischa Bredewold
Marijn de Vries,Out Of Context Karsten en Jeroen
Marijn de Vries,Ziggo Sport
Marijn de Vries,Wafa Al Ali
Marijn de Vries,Sigrid Stamkot
Marijn de Vries,Pien Meulensteen
Marijn de Vries,Le Tour de France Femmes avec Zwift
Marijn de Vries,Enzo van Steenbergen
Marijn de Vries,Ur≈°ka ≈Ωigart
Marijn de Vries,kobe goossens
Cycling Images That Preceded Unforeseen Events,Cycling Memes
Cycling Images That Preceded Unforeseen Events,Luka Muha
Cycling Images That Preceded Unforeseen Events,Biniam Girmay
Cycling Images That Preceded Unforeseen Events,Intermarch√©-Wanty-Gobert
Cycling Images That Preceded Unforeseen Events,Giro d'Italia
Cycling Images That Preceded Unforeseen Events,Matej Mohoric
Cycling Images That Preceded Unforeseen Events,Geniets Kevin
Cycling Images That Preceded Unforeseen Events,Brent Van Moer
Cycling Images That Preceded Unforeseen Events,Jan Vertonghen
Cycling Images That Preceded Unforeseen Events,Valter Attila
Cycling Images That Preceded Unforeseen Events,DE LEAD-OUT
Cycling Images That Preceded Unforeseen Events,roccia
Cycling Images That Preceded Unforeseen Events,MauriVansevenant Fanclub
Cycling Images That Preceded Unforeseen Events,Joxean Fdez. Matxin
Cycling Images That Preceded Unforeseen Events,Marijn de Vries
Cycling Images That Preceded Unforeseen Events,Tycho
Cycling Images That Preceded Unforeseen Events,Tadej Pogaƒçar
Cycling Images That Preceded Unforeseen Events,D√©part Fictif
Cycling Images That Preceded Unforeseen Events,Li√®ge-Bastogne-Li√®ge
Cycling Images That Preceded Unforeseen Events,Simon Gerrans
Teimour Radjabov,Gukesh D
Teimour Radjabov,Alireza Firouzja
Teimour Radjabov,Matthew Sadler
Teimour Radjabov,Chessify
Teimour Radjabov,Arjun Erigaisi
Teimour Radjabov,Maaike Keetman
Teimour Radjabov,Benjamin Bok
Teimour Radjabov,Mike Klein
Teimour Radjabov,Tunde Onakoya
Teimour Radjabov,Alex Colovic
Teimour Radjabov,Milena Mayorga
Teimour Radjabov,Hans Niemann
Teimour Radjabov,Yuri Milner
Teimour Radjabov,GM Leinier Dominguez
Teimour Radjabov,SBF
Teimour Radjabov,Nayib Bukele
Teimour Radjabov,Novak Djokovic
Teimour Radjabov,Shahmar Movsumov
Teimour Radjabov,Moscow Chess
Teimour Radjabov,Nigar Arpadarai
FIBA3x3,Gasaa Galaa
FIBA3x3,Mido Taha
FIBA3x3,Gil Benny
FIBA3x3,KURO üá¨üá∂
FIBA3x3,Antoni Daimiel
FIBA3x3,Emily Engstler
FIBA3x3,Kamorea ‚ÄúKK‚Äù Arnold
FIBA3x3,Sahara Williams
FIBA3x3,Sarah Strong
FIBA3x3,Myles J. Colvin
FIBA3x3,Brandon Gardner
FIBA3x3,Joe Pompliano
FIBA3x3,Alanna McDonald
FIBA3x3,Keaton Wallace
FIBA3x3,Merritt Hempe
FIBA3x3,Joanne
FIBA3x3,‰øùÂ≤°ÈæçÊñó
FIBA3x3,Rodney Pryor
FIBA3x3,AB
FIBA3x3,Anouar
Golden State Warriors,Bayley
Golden State Warriors,Quinndary W.
Golden State Warriors,DR Congo Basketball
Golden State Warriors,FIBA Basketball World Cup
Golden State Warriors,mac mcclung
Golden State Warriors,„Ç¥„Éº„É´„Éá„É≥„Çπ„ÉÜ„Ç§„Éà „Ç¶„Ç©„É™„Ç¢„Éº„Ç∫
Golden State Warriors,Lester Quinones
Golden State Warriors,üí∞
Golden State Warriors,Gui Santos
Golden State Warriors,Patrick Baldwin Jr.
Golden State Warriors,MAYZIN
Golden State Warriors,Golden State Entertainment
Golden State Warriors,P-Lo
Golden State Warriors,Dorell Wright üèÅ
Golden State Warriors,BamBam
Golden State Warriors,Socios Hoops
Golden State Warriors,National Basketball Social Justice Coalition
Golden State Warriors,GPII
Golden State Warriors,Jeff Dowtin Jr
Golden State Warriors,Rona Moody
NBA,Frances Tiafoe
NBA,GooglePixel_US
NBA,SorareNBA
NBA,Patrick Ewing
NBA,Drew League
NBA,Trendon Watford
NBA,Keegan Murray
NBA,MarJon Beauchamp (MJB)
NBA,AJ Griffin
NBA,Mark Williams
NBA,Tyty Washington
NBA,Bennedict Mathurin
NBA,chet holmgren
NBA,Jabari Smith Jr
NBA,Dyson daniels
NBA,Walker Kessler
NBA,Jeremy Sochan
NBA,Paolo BancheroüáÆüáπ
NBA,ANTHONY ADAMS
NBA,Adam Lefkoe
Weird Dall-E Mini Generations,wrestling theme songs that go hard
Weird Dall-E Mini Generations,Strange Duolingo Sentences
Weird Dall-E Mini Generations,matt
Weird Dall-E Mini Generations,Jerma
Weird Dall-E Mini Generations,Xero News
Weird Dall-E Mini Generations,HAchubby
Weird Dall-E Mini Generations,ü¶ãSUPERDIVA ü¶ã
Weird Dall-E Mini Generations,Sean Ross Sapp of Fightful.com
Weird Dall-E Mini Generations,Ettore ‚ÄúBig E‚Äù Ewen
Weird Dall-E Mini Generations,Tennessee Titans
Weird Dall-E Mini Generations,90s WWE
Weird Dall-E Mini Generations,Johnny Gargano
Weird Dall-E Mini Generations,Sheamus
Weird Dall-E Mini Generations,best bereals
Weird Dall-E Mini Generations,Smile Movie
Weird Dall-E Mini Generations,Charlie Gurr
Weird Dall-E Mini Generations,Pat McAfee
Weird Dall-E Mini Generations,Humble Wrestling
Weird Dall-E Mini Generations,Ayumu Iwasa
Weird Dall-E Mini Generations,Marcus Armstrong
